Workbook

Sheet Average for Top 20 queries per 
A1: Category | B1: Average Interest | C1: Growth Rate
A2: Candy | B2: =Candy!B22 -> 29.5 | C2: =Candy!C22 -> 0.109
A3: Baking Decorations & Dessert Toppings | B3: =Decorations!B22 -> 12.95 | C3: =Decorations!C22 -> -0.060526316
A4: Popcorn, Peanuts, Seeds & Related Snacks | B4: =Popcorn!B22 -> 27.05 | C4: =Popcorn!C22 -> 0.12
A5: Chocolate | B5: =Chocolate!B22 -> 42.5 | C5: =Chocolate!C22 -> 0.035
A6: Jam, Jelly & Fruit Spreads | B6: =Jam!B22 -> 28.6 | C6: =Jam!C22 -> 0.037
A7: Cookies & Biscuits | B7: =Cookies!B22 -> 33.7 | C7: =Cookies!C22 -> -0.055
A8: Wholesome Snacks | B8: =WholesomeSnacks!B22 -> 43.1 | C8: =WholesomeSnacks!C22 -> 0.074736842
A9: Fruit Prepared/Processed | B9: =Fruit!B22 -> 11.05 | C9: =Fruit!C22 -> 0.083
A10: Ice Cream & Frozen Yogurt | B10: =IceCream!B22 -> 48.7 | C10: =IceCream!C22 -> -0.0305
A11: Cakes, Cupcakes, Snack Cakes | B11: =Cakes!B22 -> 37.15 | C11: =Cakes!C22 -> -0.036

Sheet Sweetners
A1: Sweetner | B1: Average Interest | C1: Growth Rate | E1: Week | F1: Stevia: (United States) | G1: Monk Fruit: (United States) | H1: Allulose: (United States) | I1: Erythritol: (United States) | J1: Sucralose: (United States)
A2: Stevia | B2: =F55 -> 75.90566 | C2: =((F57-F56) / F56)* 100 -> -9.9899092 | E2: 45676 | F2: 76 | G2: 56 | H2: 30 | I2: 30 | J2: 38
A3: Monk fruit | B3: =G55 -> 43.415094 | C3: =((G57-G56) / G56)* 100 -> 2.2648084 | E3: 45683 | F3: 75 | G3: 55 | H3: 33 | I3: 30 | J3: 37
A4: Allulose | B4: =H55 -> 29.54717 | C4: =((H57-H56) / H56)* 100 -> -3.1830239 | E4: 45690 | F4: 74 | G4: 54 | H4: 30 | I4: 27 | J4: 37
A5: Erythritol | B5: =I55 -> 29.226415 | C5: =((I57-I56) / I56)* 100 -> -4.7486034 | E5: 45697 | F5: 75 | G5: 46 | H5: 26 | I5: 26 | J5: 33
A6: Sucralose | B6: =J55 -> 35.716981 | C6: =((J57-J56) / J56)* 100 -> -14.226804 | E6: 45704 | F6: 83 | G6: 45 | H6: 27 | I6: 28 | J6: 38
E7: 45711 | F7: 80 | G7: 40 | H7: 27 | I7: 28 | J7: 39
E8: 45718 | F8: 76 | G8: 39 | H8: 31 | I8: 28 | J8: 37
E9: 45725 | F9: 75 | G9: 41 | H9: 30 | I9: 27 | J9: 38
E10: 45732 | F10: 76 | G10: 42 | H10: 27 | I10: 27 | J10: 37
E11: 45739 | F11: 74 | G11: 38 | H11: 30 | I11: 27 | J11: 38
E12: 45746 | F12: 76 | G12: 38 | H12: 31 | I12: 28 | J12: 43
E13: 45753 | F13: 75 | G13: 40 | H13: 28 | I13: 25 | J13: 35
E14: 45760 | F14: 76 | G14: 40 | H14: 27 | I14: 27 | J14: 35
E15: 45767 | F15: 74 | G15: 38 | H15: 32 | I15: 25 | J15: 39
E16: 45774 | F16: 75 | G16: 39 | H16: 28 | I16: 37 | J16: 36
E17: 45781 | F17: 76 | G17: 40 | H17: 27 | I17: 30 | J17: 34
E18: 45788 | F18: 80 | G18: 40 | H18: 26 | I18: 29 | J18: 39
... E54: 46040 | F54: 70 | G54: 63 | H54: 31 | I54: 28 | J54: 34
E55: Average | F55: =AVERAGE(F2:F54) -> 75.90566 | G55: =AVERAGE(G2:G54) -> 43.415094 | H55: =AVERAGE(H2:H54) -> 29.54717 | I55: =AVERAGE(I2:I54) -> 29.226415 | J55: =AVERAGE(J2:J54) -> 35.716981
E56: first13 weeks average | F56: =AVERAGE(F2:F14) -> 76.230769 | G56: =AVERAGE(G2:G14) -> 44.153846 | H56: =AVERAGE(H2:H14) -> 29 | I56: =AVERAGE(I2:I14) -> 27.538462 | J56: =AVERAGE(J2:J14) -> 37.307692
E57: last13 weeks avarage | F57: =AVERAGE(F42:F54) -> 68.615385 | G57: =AVERAGE(G42:G54) -> 45.153846 | H57: =AVERAGE(H42:H54) -> 28.076923 | I57: =AVERAGE(I42:I54) -> 26.230769 | J57: =AVERAGE(J42:J54) -> 32
E58: growth

Sheet Candy
A1: query | B1: search interest | C1: increase percent
A2: sugar free hard candy | B2: 100 | C2: 0
A3: sugar free chocolate candy | B3: 61 | C3: 0
A4: best sugar free candy | B4: 59 | C4: 0.2
A5: sugar free russell stover candy | B5: 37 | C5: 0.1
A6: sugar free cotton candy | B6: 29 | C6: 0.2
A7: low sugar candy | B7: 28 | C7: -0.01
A8: sugar free sour candy | B8: 26 | C8: 0.2
A9: sugar free candy for diabetics | B9: 25 | C9: 0.06
A10: zero sugar candy | B10: 24 | C10: 0.2
A11: sugar free candy near me | B11: 22 | C11: -0.03
A12: sugar free gummy candy | B12: 21 | C12: 0.08
A13: werthers sugar free | B13: 20 | C13: 0.2
... A21: sugar free werther's candy | B21: 16 | C21: 0.4
A22: Average | B22: =AVERAGE(B2:B21) -> 29.5 | C22: =AVERAGE(C2:C21) -> 0.109

Sheet Decorations
A1: query | B1: search interest | C1: increase percent
A2: sugar free caramel | B2: 100 | C2: -0.05
A3: sugar free caramel sauce | B3: 53 | C3: 0.4
A4: keto caramel | B4: 29 | C4: -0.1
A5: sugar free caramel syrup | B5: 13 | C5: -0.6
A6: keto caramel sauce | B6: 12 | C6: -0.2
A7: sugar free carmel | B7: 11 | C7: 0.07
A8: keto caramel recipe | B8: 8 | C8: 0.2
A9: low carb caramel | B9: 4 | C9: 0
A10: allulose | B10: 4 | C10: 0.1
A11: low carb caramel sauce | B11: 4 | C11: 0.5
A12: sugar free coffee syrup | B12: 4 | C12: -0.2
A13: torani sugar free caramel sauce | B13: 3 | C13: -0.07
... A20: sugar free caramel dip | B20: 1 | C20: -0.6
A21: sugar free caramel protein latte starbucks | B21: 0 | C21: Breakout
A22: Average | B22: =AVERAGE(B2:B21) -> 12.95 | C22: =AVERAGE(C2:C21) -> -0.060526316

Sheet Popcorn
A1: query | B1: search interest | C1: increase percent
A2: sugar free snacks | B2: 100 | C2: -0.07
A3: healthy popcorn | B3: 79 | C3: 0.3
A4: lesser evil popcorn | B4: 58 | C4: 1.1
A5: skinny popcorn | B5: 43 | C5: -0.3
A6: snacks with no sugar | B6: 100 | C6: 0.04
A7: healthy snacks | B7: 66 | C7: 0.07
A8: sugar free snacks | B8: 28 | C8: -0.3
A9: healthy fruit snacks | B9: 15 | C9: -0.07
A10: no added sugar diet | B10: 12 | C10: -0.3
A11: high protein snacks | B11: 10 | C11: -0.3
A12: dried fruit snacks | B12: 9 | C12: -0.07
A13: healthy snacks for kids | B13: 5 | C13: 0.5
... A21: low card crunchy snacks | B21: 1 | C21: 0.07
A22: Average | B22: =AVERAGE(B2:B21) -> 27.05 | C22: =AVERAGE(C2:C21) -> 0.12

Sheet Chocolate
A1: query | B1: search interest | C1: increase percent
A2: sugar free chocolate chips | B2: 100 | C2: -0.1
A3: sugar free chocolate recipe | B3: 70 | C3: 0.05
A4: sugar free hot chocolate | B4: 69 | C4: -0.07
A5: hot chocolate sugar free | B5: 69 | C5: -0.08
A6: sugar free white chocolate | B6: 65 | C6: 0.1
A7: sugar free dark chocolate | B7: 65 | C7: 0.08
A8: dark chocolate sugar free | B8: 64 | C8: 0.07
A9: sugar free chocolate cookies | B9: 62 | C9: -0.06
A10: sugar free milk chocolate | B10: 47 | C10: 0.1
A11: best sugar free chocolate | B11: 45 | C11: 0.2
A12: sugar free chocolate candy | B12: 31 | C12: -0.04
A13: sugar free chocolate powder | B13: 30 | C13: 0.3
... A21: lily's sugar free chocolate | B21: 13 | C21: 0
A22: Average | B22: =AVERAGE(B2:B21) -> 42.5 | C22: =AVERAGE(C2:C21) -> 0.035

Sheet Jam
A1: query | B1: search interest | C1: increase percent
A2: sugar free jam recipe | B2: 100 | C2: 0.02
A3: sugar free strawberry jam | B3: 98 | C3: 0
A4: sugar free jelly | B4: 39 | C4: -0.03
A5: smuckers sugar free jam | B5: 35 | C5: 0.03
A6: pectin | B6: 31 | C6: -0.06
A7: sugar free raspberry jam | B7: 31 | C7: 0.1
A8: sugar free strawberry jam recipe | B8: 25 | C8: 0.07
A9: sugar free jam recipes | B9: 24 | C9: -0.2
A10: how to make sugar free jam | B10: 23 | C10: -0.2
A11: sugar free freezer jam | B11: 23 | C11: -0.06
A12: sugar free blueberry jam | B12: 21 | C12: -0.3
A13: sugar free blackberry jam | B13: 20 | C13: 0.1
... A21: sugar free raspberry jam recipe | B21: 9 | C21: -0.02
A22: Average | B22: =AVERAGE(B2:B21) -> 28.6 | C22: =AVERAGE(C2:C21) -> 0.037

Sheet Cookies
A1: query | B1: search interest | C1: increase percent
A2: sugar free gluten free cookies | B2: 100 | C2: -0.04
A3: gluten free sugar free cookies | B3: 97 | C3: -0.09
A4: sugar free cookies recipe | B4: 57 | C4: -0.03
A5: sugar free sugar cookies recipe | B5: 57 | C5: -0.03
A6: sugar free chocolate cookies | B6: 48 | C6: -0.05
A7: sugar free cookie | B7: 41 | C7: -0.08
A8: sugar free chocolate chip cookies | B8: 35 | C8: -0.04
A9: sugar free butter cookies | B9: 32 | C9: -0.09
A10: no sugar cookies | B10: 25 | C10: -0.09
A11: best sugar free cookies | B11: 23 | C11: 0.01
A12: sugar free cookie recipe | B12: 23 | C12: -0.07
A13: sugar free oatmeal cookies | B13: 22 | C13: -0.2
... A21: how to make sugar free cookies | B21: 11 | C21: 0.08
A22: Average | B22: =AVERAGE(B2:B21) -> 33.7 | C22: =AVERAGE(C2:C21) -> -0.055

Sheet WholesomeSnacks
A1: query | B1: search interest | C1: increase percent
A2: sugar free fruit snacks | B2: 100 | C2: -0.04
A3: high protein snacks | B3: 86 | C3: 0.9
A4: healthy snacks walmart | B4: 65 | C4: 1.4
A5: healthy sweet snacks | B5: 62 | C5: -0.3
A6: healthy snacks for weight loss | B6: 53 | C6: -0.2
A7: healthy snacks for adults | B7: 30 | C7: Breakout
A8: sugar free jello | B8: 30 | C8: -0.4
A9: sugar free granola bars | B9: 94 | C9: -0.1
A10: no sugar granola | B10: 73 | C10: 0.2
A11: low sugar granola | B11: 67 | C11: 0.2
A12: sugar free yogurt | B12: 54 | C12: 0.1
A13: homemade sugar free granola | B13: 31 | C13: -0.1
A14: no sugar added granola | B14: 27 | C14: 0.6
A15: sugar free cereal | B15: 27 | C15: 0.1
A16: sugar free snacks | B16: 21 | C16: -0.02
A17: sugar free granola bar recipe | B17: 12 | C17: -0.4
A18: sugar free granola bars recipe | B18: 12 | C18: -0.5
A19: healthiest granola | B19: 9 | C19: 0.9
... A21: sugar free jello | B21: 0 | C21: -1
A22: Average | B22: =AVERAGE(B2:B21) -> 43.1 | C22: =AVERAGE(C2:C21) -> 0.074736842

Sheet Fruit
A1: query | B1: search interest | C1: increase percent
A2: dried fruit | B2: 100 | C2: 0.08
A3: dry fruit | B3: 23 | C3: 0.1
A4: freeze dried | B4: 18 | C4: -0.09
A5: dry fruits | B5: 17 | C5: 0.3
A6: freeze dried fruit | B6: 16 | C6: -0.07
A7: dehydrated fruit | B7: 8 | C7: 1
A8: best dried fruit | B8: 6 | C8: 0.3
A9: dried fruit healthy | B9: 5 | C9: -0.09
A10: healthy dried fruit | B10: 5 | C10: -0.1
A11: dried fruit snacks | B11: 4 | C11: 0.08
A12: dates | B12: 3 | C12: 0.1
A13: is dried fruit healthy | B13: 3 | C13: -0.2
... A21: healthy snacks | B21: 1 | C21: -0.03
A22: Average | B22: =AVERAGE(B2:B21) -> 11.05 | C22: =AVERAGE(C2:C21) -> 0.083

Sheet IceCream
A1: query | B1: search interest | C1: increase percent
A2: dairy free sugar free ice cream | B2: 100 | C2: -0.05
A3: sugar free dairy free ice cream | B3: 99 | C3: -0.05
A4: sugar free ice cream near me | B4: 89 | C4: -0.2
A5: sugar free ice cream recipe | B5: 78 | C5: -0.07
A6: no sugar ice cream | B6: 62 | C6: 0
A7: low sugar ice cream | B7: 62 | C7: 0
A8: best sugar free ice cream | B8: 61 | C8: 0.08
A9: sugar free chocolate ice cream | B9: 52 | C9: -0.03
A10: sugar free vanilla ice cream | B10: 49 | C10: 0.08
A11: fat free sugar free ice cream | B11: 36 | C11: -0.04
A12: sugar free fat free ice cream | B12: 36 | C12: -0.05
A13: sugar free yogurt | B13: 36 | C13: -0.2
... A21: ice cream for diabetics | B21: 23 | C21: -0.1
A22: Average | B22: =AVERAGE(B2:B21) -> 48.7 | C22: =AVERAGE(C2:C21) -> -0.0305

Sheet Cakes
A1: query | B1: search interest | C1: increase percent
A2: sugar free cake recipe | B2: 100 | C2: 0.03
A3: sugar free cake mix | B3: 97 | C3: -0.06
A4: sugar free gluten free cake | B4: 65 | C4: -0.01
A5: gluten free sugar free cake | B5: 64 | C5: -0.01
A6: sugar free chocolate cake | B6: 61 | C6: 0.02
A7: sugar free cake near me | B7: 36 | C7: -0.1
A8: sugar free birthday cake | B8: 34 | C8: 0.03
A9: sugar free cake recipes | B9: 32 | C9: -0.2
A10: sugar free cake frosting | B10: 26 | C10: 0
A11: sugar free frosting | B11: 26 | C11: -0.03
A12: sugar free cakes | B12: 26 | C12: -0.05
A13: carrot cake sugar free | B13: 22 | C13: -0.04
... A21: sugar free lemon cake | B21: 17 | C21: -0.1
A22: Average | B22: =AVERAGE(B2:B21) -> 37.15 | C22: =AVERAGE(C2:C21) -> -0.036
